id,Title,Desc
856,UN Pull-Up Pronated,
2450,Military press,"The military press is a compound movement used to build size and strength in the shoulders. It was once contested as a fourth powerlift, but is rarely competed anymore. However, being able to press a significant weight overhead remains a popular marker of upper-body strength. The military press can be trained as a strength lift or in traditional muscle-building rep ranges as part of full-body, shoulder-focused, or upper-body training."
2451,Seated barbell shoulder press,"The seated barbell shoulder press is a classic exercise for building muscle and strength in the shoulders. The triceps also play a significant role in pressing the barbell overhead. Performing the movement seated reduces help from the lower body and decreases the risk of overextending the lumbar spine during the movement. This press variation can be the primary pressing movement on an upper-body or shoulder day, or an effective accessory movement later in a workout."
2452,Snatch-Grip Behind-The-Neck Overhead Press,
2453,Standing Bradford press,"The standing Bradford press is an obscure yet effective shoulder exercise that alternates front presses with behind-the-neck presses. It can be used as a warm-up for other press variations on a shoulder day, or as a muscle-building movement on its own in a shoulder or upper-body focused workout. It is usually performed for relatively high reps, such as 8-15 reps per set or higher, or just to the point of fatigue."
2454,Barbell Shoulder Press,"The seated barbell shoulder pressis a classic exercise for building muscle and strengthening the shoulders, particularly but not exclusively the front heads. The triceps also play a significant roles in pressing the barbell overhead."
2455,Barbell rear delt bent-over row,"The barbell rear delt bent-over row is a movement used to target the shoulders as well as the upper-back muscles. It is performed with lighter weights than a traditional barbell bent-over row, and is usually performed for higher reps, such as 8-15 reps per set, as part of a back or upper-body workout."
2456,Barbell upright row,The barbell upright row is a barbell exercise that builds stronger and bigger traps. Many lifters combine this move with either their back or shoulder workout since it involves both body parts.
2457,Bradford/Rocky Presses,
2458,Lying rear delt fly,"The lying rear delt fly is an upper-body exercise that targets the rear deltoid of the shoulder. By performing the movement lying face down on a bench, it eliminates momentum from the rest of the body. This movement is usually performed for moderate to high reps, such as 8-12 reps per set or more, as part of the upper-body or shoulder-focused portion of a workout."
2459,Machine Shoulder (Military) Press,The machine shoulder press is an upper body exercise targeting the deltoids.
2460,Standing Barbell Press Behind Neck,"The standing behind-the-head press is a classic shoulder exercise that was used widely during bodybuilding's professed Golden Era. In addition to the deltoids, it also works the trapezius and triceps muscles. It may not be a good choice for some people's shoulders, depending on their injury history. It can be trained in strength-focused rep ranges, but is more commonly trained in moderate to high reps, such as 8-15 reps per set."
2461,Barbell front raise,"The barbell front raise is an upper-body isolation exercise that targets the shoulders. It is usually performed for moderate to high reps, such as 8-12 reps or higher, as part of the shoulder-focused part of any workout."
2462,Overhead bar front raise,"The overhead bar front raise is an exercise targeting the muscles of the traps (trapezius), especially the upper traps, as well as the front or anterior shoulders. It can also be performed with a weight plate or dumbbell, providing a neutral grip that may be more shoulder-friendly for some lifters. Overhead raises are most common for high reps (at least 8-12 reps per set or higher) on a shoulder, trap, or other upper-body-focused muscle-building day."
2463,Incline barbell shoulder protraction,"The incline barbell shoulder protraction is an upper-body movement that targets strength and mobility in the scapula or shoulder blades. This can help increase pressing strength and prevent injury. It also helps develop the serratus anterior, an often-neglected muscle around the ribcage that can aid in shoulder health and upper-body muscle definition. Because it targets such small muscles, this exercise is usually performed with light weight for high reps, such as 8-12 reps per set or more."
2464,Behind-the-head push-press,The behind-the-head push-press is an overhead press variation in which the barbell starts in the back rack position and is pushed overhead with assistance from the lower body. It is most often seen in training for Olympic weightlifting. It can be part of a barbell complex or performed for low reps focusing on power and movement quality.
2465,Rack Delivery,
2466,Smith Incline Shoulder Raise,
2467,Tall Muscle Snatch,
2468,Axle Clean And Press,
2469,Jerk Balance,
2470,Seated EZ-bar shrug,"The seated EZ-bar shrug is an exercise targeting the trapezius muscle, that V-shaped muscle that forms a triangle where the shoulders meet the neck. It is usually performed for moderate to high reps during an upper-body or shoulders and traps-focused workout."
2471,Paul Carter Barbell Seated Military Press,"The seated barbell shoulder pressis a classic exercise for building muscle and strengthening the shoulders, particularly but not exclusively the front heads. The triceps also play a significant roles in pressing the barbell overhead."
2472,TBS Barbell Military Press,"The military press is a compound movement used to build size and strength in the shoulders. It was once contested as a fourth powerlift, but is rarely competed anymore. However, being able to press a significant weight overhead remains a popular marker of upper-body strength. The military press can be trained as a strength lift or in traditional muscle-building rep ranges as part of full-body, shoulder-focused, or upper-body training."
2473,Incline Front Barbell Raise - Gethin Variation,"The incline face-down bar front raise is an upper-body exercise targeting the shoulders. Because it is performed face down on an angled bench, it has a greater range of motion than standing or upright-seated raises and hits the shoulders from a different angle. Raise variations are usually performed for moderate to high reps, such as 8-12 reps per set or more, as part of upper-body or shoulder-focused training."
2474,Barbell Front Raise - Gethin Variation,"The barbell front raise is an upper-body isolation exercise that targets the shoulders. It is usually performed for moderate to high reps, such as 8-12 reps or higher, as part of the shoulder-focused part of any workout."
2475,Single-arm barbell lateral raise,"The single-arm barbell lateral raise is an isolation exercise targeting the shoulders. It is more challenging than using a dumbbell and has an instability component that may make the deltoid muscles work harder. It is generally performed one side at a time for moderate to high reps, such as 8-15 reps per set, as part of a shoulder-focused workout."
2476,AM Upright Row,The barbell upright row is a barbell exercise that builds stronger and bigger traps. Many lifters combine this move with either their back or shoulder workout since it involves both body parts.
2477,AM Barbell Shoulder Press,"The standing barbell shoulder press is a compound movement used to build size and strength in the shoulders. The shoulder press can be trained as a strength lift or in traditional muscle-building rep ranges as part of full-body, shoulder-focused, or upper-body training."
2478,Standing barbell shoulder press,"The standing barbell shoulder press is a compound movement used to build size and strength in the shoulders. The shoulder press can be trained as a strength lift or in traditional muscle-building rep ranges as part of full-body, shoulder-focused, or upper-body training."
2479,King Maker Barbell Thruster,"The barbell thruster is a full-body exercise that incorporates both squatting and pressing in one functional movement. It's especially common in contemporary CrossFit workouts, but also in general strength training. The barbell is usually cleaned into place first, but it could be performed taken from a squat rack in a front-rack position. The thruster can be performed in traditional strength-focused rep ranges to build strength in the press, or in higher reps for full-body conditioning."
2480,Single-arm incline cable cross-over,"The single-arm incline cable cross-over is an isolation movement that uses a cable stack and a bench to target the upper part of the pectoral muscles. Working the chest one side at a time allows you to focus on balance between the sides of your chest and really feel the chest muscles contracting. It is common in upper-body and chest-focused muscle-building workouts, often in combination with other presses or flyes to target the chest from different angles."
2481,Barbell bear complex,"The barbell bear complex is a series of barbell lifts that run together in a single sequence: a barbell power clean, front squat, push-press, back squat, and another push-press from behind the neck. It trains the entire body for both building strength and improving conditioning. It is often performed for rounds, either with or without rest between rounds."
2482,30 Shoulders Barbell Shrug,
2483,30 Shoulders Incline Face-Up Straight-Bar Front Raise,
2484,30 Shoulders Seated Dumbbell Shoulder Press,
2485,30 Shoulders Standing Behind-The-Head Shoulder Press,
2486,30 Shoulders Standing Barbell Press,
2487,FYR2 Wide Overhead Press,
2488,Single-arm kettlebell push-press,"The single-arm kettlebell push-press is a popular kettlebell movement that involves performing a press with help from the muscles of the lower body. It is preceded by a clean at the start of each set, and optionally you can perform a clean between each rep. It can be trained in traditional strength or muscle-building rep ranges, in circuit or fat-loss training, or as part of a larger kettlebell combination or complex."
2489,Two-Arm Kettlebell Military Press,
2490,Alternating Kettlebell Press,
2491,Single-arm kettlebell snatch,"The single-arm kettlebell snatch is a kettlebell exercise that involves lifting a kettlebell overhead in a single motion. It is popular as a full-body strength and conditioning movement, but it's also competed for reps in Russian-style girevoy sport. A ""snatch test"" of max reps in 5 or 10 minutes is also a common measurement of conditioning in kettlebell training. It can be performed from the ground or with a swing"
2492,Single-arm kettlebell clean and jerk,"The single-arm kettlebell clean and jerk is a popular kettlebell movement that is performed both in an exercise setting and competitively as a part of Russian-style girevoy sport. It differs from a clean and push-press in that the lifter ""dips"" under the weight rather than simply using the legs to help push the weight up. Each rep of a clean and jerk is preceded by a clean at the start of each set. It can be trained in traditional strength or muscle-building rep ranges, in circuit or fat-loss training, or as part of a larger kettlebell combination or complex."
2493,Kettlebell pirate ship,"The kettlebell pirate ship is a rotational shoulder and core-focused kettlebell movement. It demands the lifter raise the kettlebell to the side in both directions, emphasizing core strength in the transverse abdominis and obliques in particular. It is best learned with a light weight, using controlled movements in both directions."
2494,Two-Arm Kettlebell Clean,
2495,Double Kettlebell Push Press,"The double-kettlebell push-press is a popular kettlebell movement that involves performing a press with help from the muscles of the lower body. It is preceded by a double clean at the start of each set, and optionally you can perform a clean between each rep. It can be trained in traditional strength or muscle-building rep ranges, in circuit or fat-loss training, or as part of a larger kettlebell combination or complex."
2496,Kettlebell Seated Press,
2497,Double Kettlebell Jerk,
2498,Kettlebell Arnold Press,
2499,Double-kettlebell windmill,"The double-kettlebell windmill is an advanced kettlebell exercise emphasizing core strength and shoulder and hip mobility and stability. Because it involves holding one weight overhead while holding another under the torso, it builds strength across the core and stability in the shoulders. It doesn't work well in a metcon or conditioning setting, and shouldn't be performed under intense fatigue."
